{
  "mAP50": 0.21477876984126987,
  "mAP50-95": 0.07409088718820862,
  "precision": 0.26311072097431965,
  "recall": 0.3333333333333333,
  "f1_score": 0.29408818153082966
}